{
  "class_absolute": {
    "artery": {
      "cx": {
        "mean": 0.49365238186813193,
        "std": 0.09370963510948928,
        "median": 0.4899525,
        "p5": 0.3472712,
        "p95": 0.6554839499999999
      },
      "cy": {
        "mean": 0.3747857478021978,
        "std": 0.06910090380381416,
        "median": 0.3674725,
        "p5": 0.26747485,
        "p95": 0.4940126
      },
      "w": {
        "mean": 0.24794662802197803,
        "std": 0.058929995130221215,
        "median": 0.23668099999999997,
        "p5": 0.17078825,
        "p95": 0.36277170000000003
      },
      "h": {
        "mean": 0.20707380274725276,
        "std": 0.04674949362476059,
        "median": 0.20155250000000002,
        "p5": 0.1412199,
        "p95": 0.29213274999999994
      }
    },
    "vein": {
      "cx": {
        "mean": 0.5123698208011244,
        "std": 0.08159778125794087,
        "median": 0.516241,
        "p5": 0.3682205,
        "p95": 0.6388174
      },
      "cy": {
        "mean": 0.5593305432185524,
        "std": 0.0960761782978769,
        "median": 0.562085,
        "p5": 0.4074762,
        "p95": 0.7045472999999998
      },
      "w": {
        "mean": 0.27299397329585384,
        "std": 0.0902712906112798,
        "median": 0.267606,
        "p5": 0.1396553,
        "p95": 0.44538949999999977
      },
      "h": {
        "mean": 0.17339255024595923,
        "std": 0.08826940124655866,
        "median": 0.18125,
        "p5": 0.0518134,
        "p95": 0.3185228
      }
    }
  },
  "artery2vein": {
    "cx_offset": {
      "mean": 0.021127808854532675,
      "std": 0.12777134568454998,
      "median": 0.030472999999999972,
      "p5": -0.23653239999999998,
      "p95": 0.20003469999999998
    },
    "cy_offset": {
      "mean": 0.16833166127898805,
      "std": 0.07272099917763335,
      "median": 0.17050199999999993,
      "p5": 0.05303709999999997,
      "p95": 0.2784837
    },
    "w_ratio": {
      "mean": 1.1165687052157196,
      "std": 0.30898347486800354,
      "median": 1.1095504500802058,
      "p5": 0.6176717042562415,
      "p95": 1.6296850299968835
    },
    "h_ratio": {
      "mean": 0.8450634183080802,
      "std": 0.4217358654329624,
      "median": 0.8262113473381079,
      "p5": 0.27138599779001826,
      "p95": 1.5599075715354314
    }
  },
  "vein2artery": {
    "cx_offset": {
      "mean": -0.021127808854532675,
      "std": 0.12777134568454998,
      "median": -0.030472999999999972,
      "p5": -0.2000347,
      "p95": 0.23653239999999984
    },
    "cy_offset": {
      "mean": -0.16833166127898805,
      "std": 0.07272099917763335,
      "median": -0.17050199999999993,
      "p5": -0.2784837,
      "p95": -0.05303710000000021
    },
    "w_ratio": {
      "mean": 0.9786135912500313,
      "std": 0.32820366238756793,
      "median": 0.9012659135307576,
      "p5": 0.6136155033602283,
      "p95": 1.6189853811146306
    },
    "h_ratio": {
      "mean": 1.6251268252747686,
      "std": 1.0570342787868343,
      "median": 1.2103440641693015,
      "p5": 0.6410636488384982,
      "p95": 3.6847892775105358
    }
  },
  "meta": {
    "n_samples": 1423,
    "n_pair_samples": 1423,
    "n_artery_samples": 1820,
    "n_vein_samples": 1423,
    "n_skipped_pair": 397,
    "n_label_files": 1820,
    "label_dir": "dataset/train/labels"
  }
}